#FUNCTIONS

select upper('harshitha') from dual;

UPPER('HA
---------
HARSHITHA

select first_name from employees;

FIRST_NAME
--------------------
Ellen
Sundar
Mozhe
David
Hermann
Shelli
Amit
Elizabeth
Sarah
David
Laura

FIRST_NAME
--------------------
Harrison
Alexis
Anthony
Gerald
Nanette
John
Kelly
Karen
Curtis
Lex
Julia

FIRST_NAME
--------------------
Jennifer
Louise
Bruce
Alberto
Britney
Daniel
Pat
Kevin
Jean
Tayler
Adam

FIRST_NAME
--------------------
Timothy
Ki
Girard
William
Douglas
Kimberely
Nancy
Danielle
Peter
Michael
Shelley

FIRST_NAME
--------------------
Guy
Alexander
Alyssa
Charles
Vance
Payam
Alexander
Janette
Steven
Neena
Sundita

FIRST_NAME
--------------------
Renske
James
David
Jack
Diana
Jason
Steven
James
Mattea
Randall
Susan

FIRST_NAME
--------------------
Samuel
Allan
Irene
harshu
Julia
Donald
Christopher
TJ
Lisa
Karen
Valli

FIRST_NAME
--------------------
Joshua
Randall
Hazel
Luis
Trenna
Den
Michael
John
Nandita
Ismael
John

FIRST_NAME
--------------------
Sarath
Lindsey
William
Stephen
Martha
Patrick
Jonathon
Winston
Sigal
Peter
Oliver

FIRST_NAME
--------------------
Jose Manuel
Peter
Clara
Shanta
Alana
Matthew
Jennifer
Eleni

107 rows selected.

SQL> select upper(first_name) from employees;

UPPER(FIRST_NAME)
--------------------
ELLEN
SUNDAR
MOZHE
DAVID
HERMANN
SHELLI
AMIT
ELIZABETH
SARAH
DAVID
LAURA

UPPER(FIRST_NAME)
--------------------
HARRISON
ALEXIS
ANTHONY
GERALD
NANETTE
JOHN
KELLY
KAREN
CURTIS
LEX
JULIA

UPPER(FIRST_NAME)
--------------------
JENNIFER
LOUISE
BRUCE
ALBERTO
BRITNEY
DANIEL
PAT
KEVIN
JEAN
TAYLER
ADAM

UPPER(FIRST_NAME)
--------------------
TIMOTHY
KI
GIRARD
WILLIAM
DOUGLAS
KIMBERELY
NANCY
DANIELLE
PETER
MICHAEL
SHELLEY

UPPER(FIRST_NAME)
--------------------
GUY
ALEXANDER
ALYSSA
CHARLES
VANCE
PAYAM
ALEXANDER
JANETTE
STEVEN
NEENA
SUNDITA

UPPER(FIRST_NAME)
--------------------
RENSKE
JAMES
DAVID
JACK
DIANA
JASON
STEVEN
JAMES
MATTEA
RANDALL
SUSAN

UPPER(FIRST_NAME)
--------------------
SAMUEL
ALLAN
IRENE
HARSHU
JULIA
DONALD
CHRISTOPHER
TJ
LISA
KAREN
VALLI

UPPER(FIRST_NAME)
--------------------
JOSHUA
RANDALL
HAZEL
LUIS
TRENNA
DEN
MICHAEL
JOHN
NANDITA
ISMAEL
JOHN

UPPER(FIRST_NAME)
--------------------
SARATH
LINDSEY
WILLIAM
STEPHEN
MARTHA
PATRICK
JONATHON
WINSTON
SIGAL
PETER
OLIVER

UPPER(FIRST_NAME)
--------------------
JOSE MANUEL
PETER
CLARA
SHANTA
ALANA
MATTHEW
JENNIFER
ELENI

107 rows selected.

SQL< Select initcap('pulluri harshitha') from dual;

INITCAP('PULLURIH
-----------------
Pulluri Harshitha

SQL< select concat('pulluri','harshitha') from dual;

CONCAT('PULLURI'
----------------
pulluriharshitha

