#FUNCTIONS

select upper('harshitha') from dual;

UPPER('HA
---------
HARSHITHA

select first_name from employees;

FIRST_NAME
--------------------
Ellen
Sundar
Mozhe
David
Hermann
Shelli
Amit
Elizabeth
Sarah
David
Laura

FIRST_NAME
--------------------
Harrison
Alexis
Anthony
Gerald
Nanette
John
Kelly
Karen
Curtis
Lex
Julia

FIRST_NAME
--------------------
Jennifer
Louise
Bruce
Alberto
Britney
Daniel
Pat
Kevin
Jean
Tayler
Adam

FIRST_NAME
--------------------
Timothy
Ki
Girard
William
Douglas
Kimberely
Nancy
Danielle
Peter
Michael
Shelley

FIRST_NAME
--------------------
Guy
Alexander
Alyssa
Charles
Vance
Payam
Alexander
Janette
Steven
Neena
Sundita

FIRST_NAME
--------------------
Renske
James
David
Jack
Diana
Jason
Steven
James
Mattea
Randall
Susan

FIRST_NAME
--------------------
Samuel
Allan
Irene
harshu
Julia
Donald
Christopher
TJ
Lisa
Karen
Valli

FIRST_NAME
--------------------
Joshua
Randall
Hazel
Luis
Trenna
Den
Michael
John
Nandita
Ismael
John

FIRST_NAME
--------------------
Sarath
Lindsey
William
Stephen
Martha
Patrick
Jonathon
Winston
Sigal
Peter
Oliver

FIRST_NAME
--------------------
Jose Manuel
Peter
Clara
Shanta
Alana
Matthew
Jennifer
Eleni

107 rows selected.

SQL> select upper(first_name) from employees;

UPPER(FIRST_NAME)
--------------------
ELLEN
SUNDAR
MOZHE
DAVID
HERMANN
SHELLI
AMIT
ELIZABETH
SARAH
DAVID
LAURA

UPPER(FIRST_NAME)
--------------------
HARRISON
ALEXIS
ANTHONY
GERALD
NANETTE
JOHN
KELLY
KAREN
CURTIS
LEX
JULIA

UPPER(FIRST_NAME)
--------------------
JENNIFER
LOUISE
BRUCE
ALBERTO
BRITNEY
DANIEL
PAT
KEVIN
JEAN
TAYLER
ADAM

UPPER(FIRST_NAME)
--------------------
TIMOTHY
KI
GIRARD
WILLIAM
DOUGLAS
KIMBERELY
NANCY
DANIELLE
PETER
MICHAEL
SHELLEY

UPPER(FIRST_NAME)
--------------------
GUY
ALEXANDER
ALYSSA
CHARLES
VANCE
PAYAM
ALEXANDER
JANETTE
STEVEN
NEENA
SUNDITA

UPPER(FIRST_NAME)
--------------------
RENSKE
JAMES
DAVID
JACK
DIANA
JASON
STEVEN
JAMES
MATTEA
RANDALL
SUSAN

UPPER(FIRST_NAME)
--------------------
SAMUEL
ALLAN
IRENE
HARSHU
JULIA
DONALD
CHRISTOPHER
TJ
LISA
KAREN
VALLI

UPPER(FIRST_NAME)
--------------------
JOSHUA
RANDALL
HAZEL
LUIS
TRENNA
DEN
MICHAEL
JOHN
NANDITA
ISMAEL
JOHN

UPPER(FIRST_NAME)
--------------------
SARATH
LINDSEY
WILLIAM
STEPHEN
MARTHA
PATRICK
JONATHON
WINSTON
SIGAL
PETER
OLIVER

UPPER(FIRST_NAME)
--------------------
JOSE MANUEL
PETER
CLARA
SHANTA
ALANA
MATTHEW
JENNIFER
ELENI

107 rows selected.

SQL< Select initcap('pulluri harshitha') from dual;

INITCAP('PULLURIH
-----------------
Pulluri Harshitha

SQL< select concat('pulluri','harshitha') from dual;

CONCAT('PULLURI'
----------------
pulluriharshitha

SQL> select first_name,last_name from employees;

FIRST_NAME           LAST_NAME
-------------------- -------------------------
Ellen                Abel
Sundar               Ande
Mozhe                Atkinson
David                Austin
Hermann              Baer
Shelli               Baida
Amit                 Banda
Elizabeth            Bates
Sarah                Bell
David                Bernstein
Laura                Bissot

FIRST_NAME           LAST_NAME
-------------------- -------------------------
Harrison             Bloom
Alexis               Bull
Anthony              Cabrio
Gerald               Cambrault
Nanette              Cambrault
John                 Chen
Kelly                Chung
Karen                Colmenares
Curtis               Davies
Lex                  De Haan
Julia                Dellinger

FIRST_NAME           LAST_NAME
-------------------- -------------------------
Jennifer             Dilly
Louise               Doran
Bruce                Ernst
Alberto              Errazuriz
Britney              Everett
Daniel               Faviet
Pat                  Fay
Kevin                Feeney
Jean                 Fleaur
Tayler               Fox
Adam                 Fripp

FIRST_NAME           LAST_NAME
-------------------- -------------------------
Timothy              Gates
Ki                   Gee
Girard               Geoni
William              Gietz
Douglas              Grant
Kimberely            Grant
Nancy                Greenberg
Danielle             Greene
Peter                Hall
Michael              Hartstein
Shelley              Higgins

FIRST_NAME           LAST_NAME
-------------------- -------------------------
Guy                  Himuro
Alexander            Hunold
Alyssa               Hutton
Charles              Johnson
Vance                Jones
Payam                Kaufling
Alexander            Khoo
Janette              King
Steven               King
Neena                Kochhar
Sundita              Kumar

FIRST_NAME           LAST_NAME
-------------------- -------------------------
Renske               Ladwig
James                Landry
David                Lee
Jack                 Livingston
Diana                Lorentz
Jason                Mallin
Steven               Markle
James                Marlow
Mattea               Marvins
Randall              Matos
Susan                Mavris

FIRST_NAME           LAST_NAME
-------------------- -------------------------
Samuel               McCain
Allan                McEwen
Irene                Mikkilineni
harshu               Mourgos
Julia                Nayer
Donald               OConnell
Christopher          Olsen
TJ                   Olson
Lisa                 Ozer
Karen                Partners
Valli                Pataballa

FIRST_NAME           LAST_NAME
-------------------- -------------------------
Joshua               Patel
Randall              Perkins
Hazel                Philtanker
Luis                 Popp
Trenna               Rajs
Den                  Raphaely
Michael              Rogers
John                 Russell
Nandita              Sarchand
Ismael               Sciarra
John                 Seo

FIRST_NAME           LAST_NAME
-------------------- -------------------------
Sarath               Sewall
Lindsey              Smith
William              Smith
Stephen              Stiles
Martha               Sullivan
Patrick              Sully
Jonathon             Taylor
Winston              Taylor
Sigal                Tobias
Peter                Tucker
Oliver               Tuvault

FIRST_NAME           LAST_NAME
-------------------- -------------------------
Jose Manuel          Urman
Peter                Vargas
Clara                Vishney
Shanta               Vollman
Alana                Walsh
Matthew              Weiss
Jennifer             Whalen
Eleni                Zlotkey

107 rows selected.

SQL> select concat(first_name,last_name)from employees;

CONCAT(FIRST_NAME,LAST_NAME)
---------------------------------------------
EllenAbel
SundarAnde
MozheAtkinson
DavidAustin
HermannBaer
ShelliBaida
AmitBanda
ElizabethBates
SarahBell
DavidBernstein
LauraBissot

CONCAT(FIRST_NAME,LAST_NAME)
---------------------------------------------
HarrisonBloom
AlexisBull
AnthonyCabrio
GeraldCambrault
NanetteCambrault
JohnChen
KellyChung
KarenColmenares
CurtisDavies
LexDe Haan
JuliaDellinger

CONCAT(FIRST_NAME,LAST_NAME)
---------------------------------------------
JenniferDilly
LouiseDoran
BruceErnst
AlbertoErrazuriz
BritneyEverett
DanielFaviet
PatFay
KevinFeeney
JeanFleaur
TaylerFox
AdamFripp

CONCAT(FIRST_NAME,LAST_NAME)
---------------------------------------------
TimothyGates
KiGee
GirardGeoni
WilliamGietz
DouglasGrant
KimberelyGrant
NancyGreenberg
DanielleGreene
PeterHall
MichaelHartstein
ShelleyHiggins

CONCAT(FIRST_NAME,LAST_NAME)
---------------------------------------------
GuyHimuro
AlexanderHunold
AlyssaHutton
CharlesJohnson
VanceJones
PayamKaufling
AlexanderKhoo
JanetteKing
StevenKing
NeenaKochhar
SunditaKumar

CONCAT(FIRST_NAME,LAST_NAME)
---------------------------------------------
RenskeLadwig
JamesLandry
DavidLee
JackLivingston
DianaLorentz
JasonMallin
StevenMarkle
JamesMarlow
MatteaMarvins
RandallMatos
SusanMavris

CONCAT(FIRST_NAME,LAST_NAME)
---------------------------------------------
SamuelMcCain
AllanMcEwen
IreneMikkilineni
harshuMourgos
JuliaNayer
DonaldOConnell
ChristopherOlsen
TJOlson
LisaOzer
KarenPartners
ValliPataballa

CONCAT(FIRST_NAME,LAST_NAME)
---------------------------------------------
JoshuaPatel
RandallPerkins
HazelPhiltanker
LuisPopp
TrennaRajs
DenRaphaely
MichaelRogers
JohnRussell
NanditaSarchand
IsmaelSciarra
JohnSeo

CONCAT(FIRST_NAME,LAST_NAME)
---------------------------------------------
SarathSewall
LindseySmith
WilliamSmith
StephenStiles
MarthaSullivan
PatrickSully
JonathonTaylor
WinstonTaylor
SigalTobias
PeterTucker
OliverTuvault

CONCAT(FIRST_NAME,LAST_NAME)
---------------------------------------------
Jose ManuelUrman
PeterVargas
ClaraVishney
ShantaVollman
AlanaWalsh
MatthewWeiss
JenniferWhalen
EleniZlotkey

107 rows selected.

SQL>select length('harshitha')from dual;

LENGTH('HARSHITHA')
-------------------
                  9

SQL> select substr('harshitha',1,5)from dual;

SUBST
-----
harsh

SQL> select instr('harshitha','s')from dual;

INSTR('HARSHITHA','S')
----------------------
                     4

SQL> select replace('harshitha & rohith','h','h')from dual;
Enter value for rohith: 5
old   1: select replace('harshitha & rohith','h','h')from dual
new   1: select replace('harshitha 5','h','h')from dual

REPLACE('HA
-----------
harshitha 5

SQL> select replace('harshitha & rohith','h','reddy')from dual;
Enter value for rohith: 5
old   1: select replace('harshitha & rohith','h','reddy')from dual
new   1: select replace('harshitha 5','h','reddy')from dual

REPLACE('HARSHITHA5','H
-----------------------
reddyarsreddyitreddya 5

SQL> select trim(leading 'a' from 'apple') from dual;

TRIM
----
pple

SQL> select trim(both 't' from 'tomato') from dual;

TRIM(
-----
omato

SQL> select sysdate from dual;

SYSDATE
---------
11-FEB-26
SQL> select department_id,employee_id from employees;

DEPARTMENT_ID EMPLOYEE_ID
------------- -----------
           90         100
           90         101
           90         102
           60         103
           60         104
           60         105
           60         106
           60         107
          100         108
          100         109
          100         110

DEPARTMENT_ID EMPLOYEE_ID
------------- -----------
          100         111
          100         112
          100         113
           30         114
           30         115
           30         116
           30         117
           30         118
           30         119
           50         120
           50         121

DEPARTMENT_ID EMPLOYEE_ID
------------- -----------
           50         122
           50         123
           50         124
           50         125
           50         126
           50         127
           50         128
           50         129
           50         130
           50         131
           50         132

DEPARTMENT_ID EMPLOYEE_ID
------------- -----------
           50         133
           50         134
           50         135
           50         136
           50         137
           50         138
           50         139
           50         140
           50         141
           50         142
           50         143

DEPARTMENT_ID EMPLOYEE_ID
------------- -----------
           50         144
           80         145
           80         146
           80         147
           80         148
           80         149
           80         150
           80         151
           80         152
           80         153
           80         154

DEPARTMENT_ID EMPLOYEE_ID
------------- -----------
           80         155
           80         156
           80         157
           80         158
           80         159
           80         160
           80         161
           80         162
           80         163
           80         164
           80         165

DEPARTMENT_ID EMPLOYEE_ID
------------- -----------
           80         166
           80         167
           80         168
           80         169
           80         170
           80         171
           80         172
           80         173
           80         174
           80         175
           80         176

DEPARTMENT_ID EMPLOYEE_ID
------------- -----------
           80         177
                      178
           80         179
           50         180
           50         181
           50         182
           50         183
           50         184
           50         185
           50         186
           50         187

DEPARTMENT_ID EMPLOYEE_ID
------------- -----------
           50         188
           50         189
           50         190
           50         191
           50         192
           50         193
           50         194
           50         195
           50         196
           50         197
           50         198

DEPARTMENT_ID EMPLOYEE_ID
------------- -----------
           50         199
           10         200
           20         201
           20         202
           40         203
           70         204
          110         205
          110         206

107 rows selected.

SQL>



